[
    {
        "bookID": 1,
        "title": "Goodnight Moon2",
        "author": "Margaret Wise Brown",
        "publicationYear": "1953"
    },
    {
        "bookID": 2,
        "title": "Winnie-the-Pooh",
        "author": "A. A. Milne",
        "publicationYear": "1926"
    },
    {
        "bookID": 3,
        "title": "Where the Wild Things Are",
        "author": "Maurice Sendak",
        "publicationYear": "1963"
    },
    {
        "bookID": 4,
        "title": "The Hobbit",
        "author": "J. R. R. Tolkien",
        "publicationYear": "1937"
    },
    {
        "bookID": 5,
        "title": "Curious George",
        "author": "H. A. Rey",
        "publicationYear": "1941"
    },
    {
        "bookID": 6,
        "title": "Alice's Adventures in Wonderland",
        "author": "Lewis Carroll",
        "publicationYear": "1865"
    }
]